Year,Player,Pos,Body Fat %,Hand Length,Hand Width (inches),Height Without Shoes,Height With Shoes,Standing Reach,Weight (lbs),Wingspan
2025-26,Izan Almansa,C,-%,9.25,9.5,6' 9.25'',,9' 1.50'',220.4,7' 1.75''
2025-26,Neoklis Avdalas,SF,-%,8.25,9.75,6' 7.50'',,8' 8.50'',197.8,6' 9.00''
2025-26,Airious Bailey,SF-PF,-%,8.5,9,6' 7.50'',,8' 11.00'',202.8,7' 0.50''
2025-26,Tamar Bates,SG,-%,9.75,9,6' 3.75'',,8' 7.00'',191.4,6' 10.25''
2025-26,Joan Beringer,C,-%,9.75,10,6' 11.00'',,9' 3.00'',234.8,7' 4.50''
2025-26,Koby Brea,SG,-%,8.5,9.25,6' 5.75'',,8' 5.50'',201.8,6' 5.25''
2025-26,Johni Broome,SF-PF,-%,9.25,10.25,6' 9.25'',,9' 0.50'',249.4,7' 0.25''
2025-26,Carter Bryant,SF-PF,-%,8.5,9.5,6' 6.50'',,8' 10.00'',214.8,6' 11.75''
2025-26,Miles Byrd,SG,-%,8.75,9.25,6' 4.75'',,8' 6.50'',181.8,6' 10.00''
2025-26,Walter Clayton Jr.,PG-SG,-%,8.25,9.75,6' 2.00'',,8' 1.50'',199,6' 4.00''
2025-26,Nique Clifford,PG-SG,-%,8.25,8.5,6' 5.25'',,8' 6.50'',202,6' 8.00''
2025-26,Alex Condon,SF-PF,-%,9.25,9.75,6' 11.25'',,8' 11.50'',221.8,7' 0.75''
2025-26,Cedric Coward,PG-SG,-%,9.25,10,6' 5.25'',,8' 10.00'',213,7' 2.25''
2025-26,Egor Demin,PG-SG,-%,8.25,9.25,6' 8.25'',,8' 9.50'',199.2,6' 10.25''
2025-26,Eric Dixon,PF,-%,8.75,10,6' 7.50'',,8' 8.00'',258.6,6' 11.50''
2025-26,VJ Edgecombe,PG-SG,-%,8.5,9.5,6' 4.00'',,8' 5.50'',193.2,6' 7.50''
2025-26,Noa Essengue,PF,-%,8.97,10.62,6' 10.00'',,9' 2.00'',204,7' 1.00''
2025-26,Jeremiah Fears,PG-SG,-%,8.25,9.25,6' 2.50'',,8' 2.50'',179.6,6' 5.25''
2025-26,Cooper Flagg,SF-PF,-%,8.75,9.75,6' 7.75'',,8' 10.50'',221,7' 0.00''
2025-26,Boogie Fland,PG,-%,8.5,9,6' 2.00'',,8' 2.00'',172.4,6' 6.00''
2025-26,Rasheer Fleming,SF-PF,-%,9.5,9.5,6' 8.25'',,9' 1.00'',232.4,7' 5.25''
2025-26,Vladislav Goldin,C,-%,9.5,11.75,7' 0.00'',,9' 3.00'',253.4,7' 5.25''
2025-26,Hugo González,SF,-%,10.25,9,6' 6.25'',,8' 5.50'',222.7,6' 10.75''
2025-26,PJ Haggerty,SG,-%,8.5,9.5,6' 2.25'',,8' 1.50'',189.4,6' 6.50''
2025-26,Dylan Harper,PG-SG,-%,9.25,9.25,6' 4.50'',,8' 6.00'',213.2,6' 10.50''
2025-26,Ben Henshall,SG,-%,8,8,6' 5.50'',,8' 3.50'',193.4,6' 6.50''
2025-26,Kasparas Jakucionis,PG-SG,-%,8.5,9.75,6' 4.75'',,8' 3.50'',205.2,6' 7.75''
2025-26,Sion James,SG,-%,8.25,9.25,6' 4.50'',,8' 4.00'',217.6,6' 6.50''
2025-26,Tre Johnson,PG-SG,-%,8.5,8,6' 4.75'',,8' 5.00'',190.4,6' 10.25''
2025-26,Kam Jones,PG,-%,8.25,8.5,6' 3.25'',,8' 4.50'',202.4,6' 6.00''
2025-26,Ryan Kalkbrenner,C,-%,9.25,11.25,7' 1.00'',,9' 4.00'',257.4,7' 6.00''
2025-26,Karter Knox,SF,-%,9,9.5,6' 5.00'',,8' 6.50'',214.2,6' 10.25''
2025-26,Kon Knueppel,PG-SG,-%,8.5,9.75,6' 5.00'',,8' 5.50'',219,6' 6.25''
2025-26,Chaz Lanier,PG-SG,-%,8.5,9.75,6' 3.75'',,8' 5.50'',205.8,6' 9.00''
2025-26,Yaxel Lendeborg,PF,-%,9.25,10,6' 8.50'',,9' 0.50'',234.6,7' 4.00''
2025-26,RJ Luis Jr.,SF,-%,9,10,6' 5.75'',,8' 7.50'',210,6' 10.50''
2025-26,Khaman Maluach,C,-%,9.75,10.25,7' 0.75'',,9' 6.00'',252.8,7' 6.75''
2025-26,Bogoljub Markovic,PF,-%,8.25,9.75,6' 10.50'',,9' 2.00'',213.2,6' 11.50''
2025-26,Alijah Martin,SG,-%,8.25,9.25,6' 1.50'',,8' 3.50'',208.4,6' 7.50''
2025-26,Liam McNeeley,SF-PF,-%,8.75,10,6' 6.75'',,8' 3.50'',214.6,6' 8.50''
2025-26,Mackenzie Mgbako,SF-PF,-%,9,9.25,6' 7.50'',,8' 7.00'',216.4,6' 10.25''
2025-26,Jalon Moore,SF,-%,9,9.5,6' 6.25'',,8' 8.50'',203.4,6' 10.25''
2025-26,Collin Murray-Boyles,SF-PF,-%,8.5,10.25,6' 6.50'',,8' 10.00'',239.2,7' 0.75''
2025-26,Grant Nelson,PF,-%,9,9.75,6' 10.00'',,9' 1.00'',229.8,7' 0.00''
2025-26,Ryan Nembhard,PG,-%,9.5,8.25,5' 11.00'',,7' 10.00'',175.8,6' 2.25''
2025-26,Asa Newell,SF-PF,-%,9.25,10,6' 9.00'',,8' 11.50'',223.8,6' 11.25''
2025-26,Yanic Konan Niederhauser,C,-%,9.5,9,6' 11.25'',,9' 3.00'',242.6,7' 3.25''
2025-26,Lachlan Olbrich,PF,-%,10,9,6' 8.75'',,8' 11.50'',230.2,6' 11.25''
2025-26,Otega Oweh,SG,-%,8.5,9.5,6' 4.25'',,8' 5.50'',212.6,6' 8.50''
2025-26,Dink Pate,SG,-%,8.5,9,6' 6.25'',,8' 8.00'',200.8,6' 9.75''
2025-26,Micah Peavy,SF,-%,8.5,8.75,6' 6.25'',,8' 5.00'',211.6,6' 7.25''
2025-26,Noah Penda,PF,-%,8.25,9.75,6' 7.25'',,8' 10.50'',241.8,6' 11.50''
2025-26,Tahaad Pettiford,PG,-%,8.25,8.5,6' 0.25'',,8' 0.00'',168.8,6' 5.50''
2025-26,Labaron Philon,PG-SG,-%,8.5,9,6' 2.75'',,8' 3.50'',174.6,6' 6.25''
2025-26,Drake Powell,SF-PF,-%,8.75,10,6' 5.25'',,8' 7.00'',200.4,7' 0.00''
2025-26,Tyrese Proctor,PG-SG,-%,8.25,9,6' 4.25'',,8' 4.50'',183.2,6' 7.25''
2025-26,Derik Queen,C,-%,9,9.5,6' 9.25'',,9' 1.50'',247.8,7' 0.50''
2025-26,Maxime Raynaud,C,-%,9,10.25,7' 0.25'',,9' 2.00'',236.8,7' 1.25''
2025-26,Jase Richardson,PG-SG,-%,8.5,9.5,6' 0.50'',,8' 2.50'',178.4,6' 6.00''
2025-26,Will Riley,SF-PF,-%,8.5,9,6' 8.25'',,8' 8.00'',185.6,6' 8.75''
2025-26,Michael Ruzic,PF,-%,9,9.25,6' 11.00'',,9' 0.00'',221.4,7' 0.75''
2025-26,Hunter Sallis,SG,-%,8.5,9.75,6' 3.75'',,8' 4.00'',181.4,6' 10.00''
2025-26,Kobe Sanders,SF,-%,8.5,9.25,6' 7.00'',,8' 7.00'',203.2,6' 8.25''
2025-26,Ben Saraf,PG,-%,9.44,8.07,6' 6.00'',,8' 4.00'',199,6' 8.70''
2025-26,Mark Sears,PG,-%,8,8.75,5' 10.75'',,7' 8.50'',183.4,6' 2.00''
2025-26,Max Shulga,SG,-%,8,9.75,6' 4.25'',,8' 3.00'',206.4,6' 5.75''
2025-26,Javon Small,PG,-%,8.25,9.75,6' 1.00'',,8' 0.00'',190,6' 4.75''
2025-26,Thomas Sorber,C,-%,8.5,9,6' 9.25'',,9' 1.00'',262.8,7' 6.00''
2025-26,Adou Thiero,PG-SG,-%,9,10.25,6' 6.25'',,8' 8.50'',218.4,7' 0.00''
2025-26,John Tonje,SG,-%,9,9.5,6' 4.75'',,8' 6.50'',211.8,6' 9.00''
2025-26,Alex Toohey,SF,-%,9,10.25,6' 7.75'',,8' 8.50'',222.8,6' 10.75''
2025-26,Nolan Traoré,PG,-%,7.75,9.25,6' 3.00'',,8' 5.50'',175,6' 8.00''
2025-26,Milos Uzan,PG,-%,7.75,9,6' 3.25'',,8' 1.50'',186.4,6' 5.25''
2025-26,Jamir Watkins,SF,-%,9.25,9.75,6' 5.00'',,8' 6.50'',214.6,6' 11.25''
2025-26,Brice Williams,SG,-%,9,10.75,6' 5.25'',,8' 7.00'',205.8,6' 10.75''
2025-26,Darrion Williams,SF,-%,9,10.5,6' 4.50'',,8' 5.00'',236,6' 6.50''
2025-26,Danny Wolf,SF-PF,-%,9.25,9.75,6' 10.50'',,9' 1.00'',251.8,7' 2.25''
2025-26,Hansen Yang,C,-%,10,11.25,7' 1.00'',,9' 3.00'',252.6,7' 2.75''
2025-26,Rocco Zikarsky,C,-%,9,9.75,7' 3.00'',,9' 6.50'',257,7' 4.75''
2024-25,Michael Ajayi,SF,-%,9.5,9.75,6' 5.75'',,8' 10.50'',227.8,7' 0.75''
2024-25,Melvin Ajinca,SF,-%,8.5,9.75,6' 7.25'',,8' 10.5'',213.8,6' 7.5''
2024-25,Trey Alexander,SG,-%,8.75,10,6' 3.25'',,8' 5.50'',187,6' 10.50''
2024-25,Izan Almansa,C,-%,9.25,9.25,6' 9.25'',,9' 2.00'',219.6,7' 1.00''
2024-25,Reece Beekman,PG,-%,8.5,9,6' 1.25'',,8' 4.00'',196.4,6' 6.50''
2024-25,Adem Bona,C,-%,9.5,10,6' 8.25'',,9' 0.00'',243.2,7' 3.75''
2024-25,Trevon Brazile,PF,-%,9,10.25,6' 9.25'',,9' 0.50'',215,7' 3.75''
2024-25,Jalen Bridges,SF,-%,9,10,6' 6.75'',,8' 9.00'',213.4,6' 10.00''
2024-25,Matas Buzelis,SF,-%,8.5,9.25,6' 8.75'',,8' 9.50'',197,6' 10.00''
2024-25,Carlton Carrington,PG,-%,8.5,9.25,6' 3.75'',,8' 3.00'',194.8,6' 8.00''
2024-25,Devin Carter,SG,-%,8.75,9,6' 2.25'',,8' 2.00'',193,6' 8.75''
2024-25,Stephon Castle,SG,-%,8.75,8.75,6' 5.50'',,8' 6.00'',210,6' 9.00''
2024-25,Ulrich Chomche,C,-%,9.25,10.25,6' 10.25'',,9' 1.00'',232.4,7' 4.00''
2024-25,Cam Christie,SG,-%,8,8,6' 4.50'',,8' 5.50'',190.4,6' 8.00''
2024-25,Nique Clifford,SF,-%,8,9,6' 5.00'',,8' 6.00'',198.6,6' 8.00''
2024-25,Donovan Clingan,C,-%,10,10.25,7' 1.75'',,9' 7.00'',282,7' 6.75''
2024-25,Isaiah Collier,PG,-%,8.5,9,6' 2.50'',,8' 1.50'',204.6,6' 4.75''
2024-25,Tristan Da Silva,PF,-%,9,9.5,6' 8.25'',,8' 8.50'',216.8,6' 10.25''
2024-25,Pacome Dadiet,SF,-%,8.5,9,6' 7.75'',,8' 11.5'',216.8,6' 9''
2024-25,N'Faly Dante,C,-%,9.25,10,6' 10.00'',,9' 3.00'',260.2,7' 6.00''
2024-25,Robert Dillingham,PG,-%,8,8.25,6' 1.00'',,7' 11.00'',164.2,6' 3.00''
2024-25,Nikola Djurisic,SF,-%,8.5,10,6' 7.00'',,8' 6.50'',208.8,6' 8.00''
2024-25,Ryan Dunn,PF,-%,9,9.75,6' 6.25'',,8' 7.00'',213.6,7' 1.50''
2024-25,Zach Edey,C,-%,10,10.75,7' 3.75'',,9' 7.00'',299,7' 10.75''
2024-25,Justin Edwards,SF,-%,8.75,8.75,6' 6.00'',,8' 6.50'',209.4,6' 10.00''
2024-25,Jesse Edwards,C,-%,9.25,10,6' 11.50'',,9' 3.00'',236,7' 5.00''
2024-25,Boogie Ellis,PG-SG,-%,9,9.5,6' 0.75'',,8' 2.00'',185,6' 7.00''
2024-25,Kyle Filipowski,PF,-%,8.75,9.5,6' 10.75'',,8' 11.00'',229.8,6' 10.50''
2024-25,Trentyn Flowers,SF,-%,8.75,9.5,6' 6.50'',,8' 4.50'',201.4,6' 8.25''
2024-25,Enrique Freeman,PF,-%,8.75,10,6' 7.25'',,9' 0.00'',212,7' 2.00''
2024-25,Johnny Furphy,SF,-%,8,9.5,6' 7.50'',,8' 8.50'',188.8,6' 8.00''
2024-25,Kyshawn George,SF,-%,9,10.25,6' 7.00'',,8' 9.00'',208.8,6' 10.25''
2024-25,Tyon Grant-Foster,SF,-%,8.75,9.25,6' 5.75'',,8' 8.00'',215.2,6' 11.75''
2024-25,PJ Hall,C,-%,9,9.75,6' 8.25'',,8' 7.50'',239.6,7' 1.50''
2024-25,Coleman Hawkins,PF,-%,8.75,8.75,6' 8.25'',,8' 11.00'',215.2,7' 0.00''
2024-25,Ron Holland II,SF,-%,8.75,9,6' 6.50'',,8' 8.00'',196.8,6' 10.75''
2024-25,DaRon Holmes II,C,-%,8.75,9,6' 8.75'',,9' 0.00'',236.2,7' 1.00''
2024-25,Ariel Hukporti,C,-%,9.25,10.25,6' 10.75'',,9' 3.00'',246.2,7' 2.50''
2024-25,Oso Ighodaro,C,-%,9,10,6' 9.50'',,8' 8.50'',222,6' 11.00''
2024-25,Harrison Ingram,SF,-%,9,10.25,6' 5.25'',,8' 6.50'',233.6,7' 0.25''
2024-25,Bronny James,SG,-%,8.5,9.5,6' 1.50'',,8' 2.50'',210.4,6' 7.25''
2024-25,Keshad Johnson,PF,-%,9.25,10.75,6' 6.25'',,8' 7.00'',224,6' 10.25''
2024-25,AJ Johnson,SG,-%,8.5,8.5,6' 4.25'',,8' 6.00'',167,6' 8.50''
2024-25,Dillon Jones,SF,-%,9,9.25,6' 4.50'',,8' 4.50'',236.8,6' 11.00''
2024-25,David Jones,SF,-%,8.5,9.5,6' 3.50'',,8' 4.00'',211.2,6' 6.75''
2024-25,Isaac Jones,C,-%,9.25,10.25,6' 7.75'',,9' 0.00'',235,7' 3.00''
2024-25,Alex Karaban,PF,-%,8.75,9.25,6' 6.50'',,8' 10.50'',219.2,6' 11.00''
2024-25,Bobi Klintman,PF,-%,8.75,10,6' 8.75'',,8' 10.50'',212.2,6' 11.00''
2024-25,Dalton Knecht,SF,-%,8.5,9.5,6' 5.25'',,8' 7.50'',212.2,6' 9.00''
2024-25,Tyler Kolek,PG,-%,8.25,9.5,6' 1.25'',,7' 11.00'',196.6,6' 2.75''
2024-25,Pelle Larsson,SG,-%,8.75,10.25,6' 5.25'',,8' 6.00'',212.4,6' 7.50''
2024-25,Jared McCain,SG,-%,8.25,9.5,6' 2.00'',,8' 2.00'',203.2,6' 3.50''
2024-25,Kevin McCullar Jr.,SF,-%,8.75,9.5,6' 5.25'',,8' 7.00'',205.8,6' 9.00''
2024-25,Yves Missi,C,-%,9.5,10,6' 10.75'',,9' 1.50'',229.4,7' 2.00''
2024-25,Ajay Mitchell,PG,-%,8.5,8.5,6' 3.25'',,8' 5.00'',197,6' 6.25''
2024-25,Jonathan Mogbo,PF,-%,8.75,8.75,6' 6.25'',,9' 0.50'',217.2,7' 2.00''
2024-25,Tristen Newton,PG,-%,8.5,9,6' 3.25'',,8' 4.00'',191.8,6' 6.75''
2024-25,Juan Nunez,PG,-%,8.5,9.5,6' 4'',,8' 6'',205.6,6' 6.5''
2024-25,Quinten Post,C,-%,9.25,10,7' 0.00'',,9' 4.00'',244.4,7' 2.50''
2024-25,Antonio Reeves,SG,-%,9,10,6' 4.50'',,8' 4.50'',186.6,6' 8.25''
2024-25,Zaccharie Risacher,SF,-%,8.5,8.75,6' 8.5'',,8' 11'',194.6,6' 9.5''
2024-25,Jaxson Robinson,SG,-%,9,9.5,6' 4.75'',,8' 7.00'',188.6,6' 11.25''
2024-25,Tidjane Salaun,PF,-%,8.5,9.75,6' 8.75'',,9' 2'',217.4,7' 1.5''
2024-25,Hunter Sallis,SG,-%,8,9.5,6' 3.50'',,8' 4.50'',179.4,6' 9.75''
2024-25,Payton Sandfort,SF,-%,8.5,9,6' 6.25'',,8' 8.00'',212,6' 8.00''
2024-25,Alexandre Sarr,C,-%,9,10,6' 11.75'',,9' 2.00'',224.2,7' 4.25''
2024-25,Baylor Scheierman,SF,-%,9.25,9.75,6' 6.25'',,8' 6.50'',201.6,6' 8.25''
2024-25,Mark Sears,PG,-%,8,8.5,5' 10.25'',,7' 8.00'',192.4,6' 2.00''
2024-25,Terrence Shannon Jr.,SF,-%,8.75,8.5,6' 5.75'',,8' 4.00'',219.4,6' 8.75''
2024-25,Jamal Shead,PG,-%,8.25,8.75,6' 0.25'',,8' 0.00'',200.8,6' 3.00''
2024-25,Reed Sheppard,PG,-%,7.75,9,6' 1.75'',,7' 9.50'',181.6,6' 3.25''
2024-25,KJ Simpson,PG,-%,8.25,9.25,6' 0.25'',,7' 9.50'',187,6' 4.50''
2024-25,Tyler Smith,PF,-%,8.5,9,6' 9.00'',,8' 9.00'',223.8,7' 1.00''
2024-25,Cam Spencer,SG,-%,8.5,9.75,6' 3.00'',,8' 2.50'',201.8,6' 5.00''
2024-25,Nae'Qwan Tomlin,PF,-%,9,10,6' 8.25'',,9' 1.00'',205,7' 2.50''
2024-25,Nikola Topic,PG,-%,8,9,6' 5.75'',,8' 6'',203,6' 5.5''
2024-25,JT Toppin,PF,-%,9.25,9.25,6' 7.00'',,8' 10.00'',221,7' 0.50''
2024-25,Jaylon Tyson,SF,-%,8.25,9.5,6' 5.50'',,8' 6.50'',218.2,6' 8.00''
2024-25,Ja'Kobe Walter,SG,-%,8.75,9.75,6' 4.25'',,8' 6.50'',197.6,6' 10.00''
2024-25,Kel'el Ware,C,-%,9.5,10.25,6' 11.75'',,9' 4.50'',230,7' 4.50''
2024-25,Jamir Watkins,SF,-%,9,9.5,6' 5.00'',,8' 8.00'',211.6,6' 10.75''
2024-25,Jaylen Wells,SF,-%,8.25,9.25,6' 6.50'',,8' 7.50'',206.2,6' 7.25''
2024-25,Cody Williams,SF,-%,8.25,9,6' 6.50'',,8' 7.00'',178.4,7' 1.00''
2023-24,Trey Alexander,SG,-%,8.5,8.75,6' 3.25'',,8' 5.50'',184.6,6' 10.00''
2023-24,Amari Bailey,SG,-%,8,9.25,6' 3.25'',,8' 7.50'',190.8,6' 7.00''
2023-24,Emoni Bates,SF,-%,8,8.25,6' 8.25'',,8' 9.00'',179.2,6' 9.00''
2023-24,Reece Beekman,PG,-%,8.5,8.25,6' 1.50'',,8' 4.50'',190.6,6' 7.00''
2023-24,Anthony Black,PG,-%,8.25,9.5,6' 5.75'',,8' 6.50'',210,6' 7.50''
2023-24,Adem Bona,C,-%,9.25,10,6' 8.25'',,9' 2.50'',243.4,
2023-24,Kobe Brown,PF,-%,8.75,9.75,6' 6.50'',,8' 10.50'',252.2,7' 0.75''
2023-24,Kobe Bufkin,SG,-%,8,9.25,6' 4.25'',,8' 6.50'',186.8,6' 7.75''
2023-24,Toumani Camara,PF,-%,9,10,6' 7.00'',,8' 11.00'',220.4,7' 0.50''
2023-24,Sidy Cissoko,SF,-%,9.25,10,6' 5.50'',,8' 8.00'',223.8,6' 9.75''
2023-24,Jaylen Clark,SG,-%,8.5,9,6' 4.00'',,8' 5.50'',204.2,6' 9.00''
2023-24,Noah Clowney,PF,-%,-,-,,,,-,
2023-24,Bilal Coulibaly,SG-SF,-%,-,-,,,,-,
2023-24,Ricky Council IV,SF,-%,7.75,8.5,6' 5.00'',,8' 7.00'',208,6' 9.00''
2023-24,Gradey Dick,SG,-%,8.25,9,6' 6.25'',,8' 5.00'',204,6' 8.75''
2023-24,Nikola Djurisic,SF,-%,8.25,9.5,6' 7.00'',,8' 6.00'',217.6,6' 8.25''
2023-24,Zach Edey,C,-%,9.75,11,7' 3.25'',,9' 7.50'',306.4,7' 10.50''
2023-24,Adam Flagler,PG,-%,8,9.25,6' 1.00'',,8' 1.00'',191.8,6' 4.50''
2023-24,Keyonte George,SG,-%,-,-,,,,-,
2023-24,Mouhamed Gueye,C,-%,9,10,6' 10.25'',,9' 2.50'',212.6,7' 3.25''
2023-24,Jordan Hawkins,SG,-%,8.25,8.75,6' 4.25'',,8' 5.50'',186,6' 6.75''
2023-24,Coleman Hawkins,PF,-%,8.75,8.75,6' 8.50'',,9' 0.50'',224.4,7' 0.25''
2023-24,Scoot Henderson,PG,-%,-,-,,,,-,
2023-24,Taylor Hendricks,PF,-%,9.25,10.25,6' 8.25'',,8' 11.00'',213.6,7' 0.50''
2023-24,DaRon Holmes II,C,-%,8.5,9.5,6' 9.00'',,9' 1.00'',220.8,7' 0.50''
2023-24,Jalen Hood-Schifino,PG,-%,9,9.75,6' 4.25'',,8' 4.50'',216.6,6' 10.25''
2023-24,Jett Howard,SF,-%,-,-,,,,-,
2023-24,GG Jackson,PF,-%,8.5,10,6' 8.25'',,8' 10.00'',214.4,6' 11.50''
2023-24,Andre Jackson Jr.,SF,-%,8.25,9.5,6' 5.50'',,8' 7.00'',198.4,6' 9.75''
2023-24,Trayce Jackson-Davis,C,-%,9.25,10.75,6' 8.25'',,8' 10.00'',240.4,7' 1.00''
2023-24,Jaime Jaquez Jr.,SF,-%,8.5,9.5,6' 6.00'',,8' 3.50'',226.4,6' 9.50''
2023-24,Keyontae Johnson,SF,-%,9,9,6' 4.00'',,8' 7.00'',238.6,7' 0.00''
2023-24,Colby Jones,SG,-%,8.25,8.5,6' 4.50'',,8' 7.00'',199.2,6' 8.00''
2023-24,Ryan Kalkbrenner,C,-%,9.25,11,7' 0.75'',,9' 4.50'',251.8,7' 5.00''
2023-24,Arthur Kaluma,PF,-%,8.5,10,6' 6.25'',,8' 7.50'',221.8,7' 0.50''
2023-24,Mojave King,SG,-%,8.75,9.5,6' 3.75'',,8' 5.00'',200.6,6' 8.00''
2023-24,Bobi Klintman,PF,-%,-,-,,,,-,
2023-24,Maxwell Lewis,SG,-%,8.75,9.5,6' 6.25'',,8' 8.50'',207.2,7' 0.00''
2023-24,Dereck Lively Jr.,C,-%,-,-,,,,-,
2023-24,Chris Livingston,SF,-%,8.5,9,6' 6.00'',,8' 8.50'',219.2,6' 11.25''
2023-24,Seth Lundy,SF,-%,8.5,9,6' 4.00'',,8' 8.00'',214.4,6' 10.25''
2023-24,Kevin McCullar,SF,-%,-,-,,,,-,
2023-24,Mike Miles Jr.,PG,-%,8,8.25,6' 0.75'',,8' 0.00'',205,6' 0.50''
2023-24,Leonard Miller,PF,-%,9.5,10.5,6' 9.25'',,8' 10.50'',212.8,7' 2.00''
2023-24,Brandon Miller,SF,-%,-,-,,,,-,
2023-24,Jordan Miller,SF,-%,8.5,9.25,6' 4.50'',,8' 7.50'',191.6,6' 11.75''
2023-24,Judah Mintz,PG,-%,8.25,9.25,6' 3.00'',,8' 2.00'',176.4,6' 3.50''
2023-24,Dillon Mitchell,PF,-%,8.25,9.5,6' 6.75'',,8' 9.00'',193,6' 10.00''
2023-24,Omari Moore,SG,-%,9,10.25,6' 5.25'',,8' 7.5'',188.6,6' 9.75''
2023-24,Kris Murray,PF,-%,8.5,9,6' 7.75'',,8' 10.00'',212.8,6' 11.75''
2023-24,Grant Nelson,PF,-%,9,9.5,6' 10.00'',,8' 10.50'',223.4,7' 0.00''
2023-24,James Nnaji,C,-%,-,-,,,,-,
2023-24,Julian Phillips,SF,-%,8.5,9,6' 6.75'',,8' 6.00'',196.6,6' 11.50''
2023-24,Jalen Pickett,PG,-%,8.5,7.5,6' 2.00'',,8' 2.50'',197.8,6' 7.25''
2023-24,Brandin Podziemski,SG,-%,8.25,10,6' 3.75'',,8' 0.50'',203.8,6' 5.50''
2023-24,Olivier-Maxence Prosper,PF,-%,8.25,10,6' 6.75'',,8' 8.00'',212.4,7' 1.00''
2023-24,Rayan Rupert,SF,-%,8.5,9.5,6' 6.00'',,8' 10.00'',193.2,7' 2.00''
2023-24,Adama Sanogo,C,-%,9.75,10,6' 7.25'',,9' 0.50'',257.8,7' 2.75''
2023-24,Marcus Sasser,PG,-%,8.75,9.5,6' 1.25'',,8' 3.50'',195.6,6' 7.00''
2023-24,Brice Sensabaugh,SF,-%,-,-,,,,-,
2023-24,Terrence Shannon Jr.,SF,-%,8.25,8,6' 5.50'',,8' 6.00'',220,6' 8.00''
2023-24,Ben Sheppard,SG,-%,8.5,9.5,6' 5.25'',,8' 4.00'',194.6,6' 7.75''
2023-24,Jalen Slawson,PF,-%,9,9,6' 6.50'',,8' 10.00'',221.6,6' 11.75''
2023-24,Terquavion Smith,SG,-%,8.5,8,6' 2.50'',,8' 2.00'',163.2,6' 6.75''
2023-24,Nick Smith Jr.,SG,-%,-,-,,,,-,
2023-24,Julian Strawther,SF,-%,8.25,8.25,6' 6.00'',,8' 9.00'',208.8,6' 9.25''
2023-24,Amen Thompson,SG,-%,8.5,8.5,6' 5.75'',,8' 7.50'',214.2,7' 0.00''
2023-24,Ausar Thompson,SG,-%,8.75,9.25,6' 5.75'',,8' 8.00'',218.2,7' 0.00''
2023-24,Drew Timme,C,-%,9,10,6' 8.75'',,9' 0.50'',243.2,7' 1.75''
2023-24,Nae'Qwan Tomlin,PF,-%,-,-,,,,-,
2023-24,Oscar Tshiebwe,C,-%,9.75,10.25,6' 7.25'',,9' 0.00'',253.6,7' 3.50''
2023-24,Azuolas Tubelis,PF,-%,9,10.5,6' 8.75'',,9' 0.00'',234.8,6' 11.00''
2023-24,Tristan Vukcevic,C,-%,9,10.25,6' 11.25'',,9' 3.00'',223.4,7' 2.50''
2023-24,Jarace Walker,PF,-%,9,10,6' 6.50'',,8' 8.50'',248.6,7' 2.50''
2023-24,Cason Wallace,PG,-%,8.5,9.25,6' 2.50'',,8' 5.00'',195.2,6' 8.50''
2023-24,Jordan Walsh,SF,-%,8.75,8.5,6' 5.75'',,8' 11.00'',204,7' 1.75''
2023-24,Victor Wembanyama,C,-%,-,-,,,,-,
2023-24,Dariq Whitehead,SG,-%,8.5,10,6' 5.75'',,8' 7.50'',217.2,6' 10.25''
2023-24,Cam Whitmore,SF,-%,8,8.25,6' 5.75'',,8' 7.50'',235,6' 8.50''
2023-24,Jalen Wilson,SF,-%,8.25,9,6' 5.50'',,8' 3.50'',230.2,6' 8.00''
2023-24,Isaiah Wong,SG,-%,8.25,9.5,6' 2.50'',,8' 1.50'',178.4,6' 6.75'
2022-23,Ochai Agbaji,SG,5.40%,8.75,9.5,6' 4.50'',6' 5.75'',8' 8.00'',216.8,6' 10.25''
2022-23,Patrick Baldwin Jr.,SF,8.90%,8.75,9.5,6' 9.25'',6' 10.25'',9' 2.50'',230.8,7' 1.75''
2022-23,Paolo Banchero,PF,-%,-,-,,,,-,
2022-23,Dominick Barlow,PF,5.90%,9,10.5,6' 8.75'',6' 9.75'',9' 0.50'',221,7' 3.00''
2022-23,MarJon Beauchamp,SG,5.30%,9,9,6' 5.25'',6' 6.50'',8' 10.00'',196.6,7' 0.75''
2022-23,Hugo Besson,SG,8.80%,7.5,8.5,6' 4.50'',6' 5.75'',8' 6.00'',180.4,6' 5.50''
2022-23,Malaki Branham,SG,6.10%,8.5,9.75,6' 4.00'',6' 5.50'',8' 6.50'',194.8,6' 10.00''
2022-23,Christian Braun,SG,6.20%,8,8.5,6' 5.50'',6' 7.00'',8' 3.50'',209.2,6' 6.50''
2022-23,Kendall Brown,SF,4.90%,9,9,6' 6.25'',6' 7.50'',8' 7.00'',201.2,6' 11.00''
2022-23,John Butler Jr.,PF,4.70%,8.5,8.75,6' 11.75'',7' 0.75'',9' 4.00'',174.4,7' 2.25''
2022-23,Julian Champagnie,SF,7.10%,8.75,9.25,6' 6.25'',6' 7.75'',8' 11.00'',212.4,6' 10.00''
2022-23,Kennedy Chandler,PG,4.40%,8.5,9.5,5' 11.50'',6' 0.50'',8' 1.00'',172.2,6' 5.25''
2022-23,Max Christie,SG,4.80%,8,8.5,6' 4.25'',6' 5.75'',8' 6.50'',189.2,6' 8.75''
2022-23,Kofi Cockburn,C,8.20%,9.75,10.25,6' 11.00'',7' 0.00'',9' 2.50'',293,7' 4.25''
2022-23,Dyson Daniels,SG,4.90%,8.5,9.75,6' 6.00'',6' 7.50'',8' 9.00'',195.2,6' 10.50''
2022-23,Johnny Davis,PG,6.70%,8.5,10.25,6' 4.25'',6' 5.75'',8' 7.50'',196.4,6' 8.50''
2022-23,JD Davison,PG,7.80%,8.5,9.5,6' 0.50'',6' 2.50'',8' 3.50'',191.8,6' 6.50''
2022-23,Darius Days,SF-PF,-%,-,-,,,,-,
2022-23,Moussa Diabate,C,2.70%,8.5,10.5,6' 9.25'',6' 10.25'',9' 1.50'',216.6,7' 2.50''
2022-23,Ousmane Dieng,SF,-%,-,-,,,,-,
2022-23,Khalifa Diop,C,-%,-,-,,,,-,
2022-23,Jalen Duren,C,-%,-,-,,,,-,
2022-23,Tari Eason,PF,5.90%,9.25,11,6' 6.75'',6' 8.00'',8' 11.50'',217.4,7' 2.00''
2022-23,Keon Ellis,SG,3.80%,8,9.25,6' 3.50'',6' 4.75'',8' 6.00'',167.4,6' 8.50''
2022-23,Michael Foster Jr.,C,6.20%,8.75,10,6' 7.75'',6' 9.25'',9' 1.50'',236.6,7' 0.25''
2022-23,Collin Gillespie,PG,8.60%,8.25,9,6' 1.50'',6' 2.75'',8' 2.00'',195.8,6' 4.00''
2022-23,AJ Griffin,SF,-%,-,-,,,,-,
2022-23,Jaden Hardy,SG,-%,-,-,,,,-,
2022-23,Ron Harper Jr.,SF,14.30%,9.5,10,6' 4.00'',6' 5.50'',8' 9.50'',240.4,7' 1.25''
2022-23,Chet Holmgren,PF,-%,-,-,,,,-,
2022-23,Harrison Ingram,SF,8.30%,9,10,6' 5.25'',6' 7.00'',8' 7.50'',232.8,7' 0.25''
2022-23,Jaden Ivey,PG,-%,-,-,,,,-,
2022-23,Trayce Jackson-Davis,C,-%,-,-,,,,-,
2022-23,Nikola Jovic,SF,7.40%,8.75,9.75,6' 9.50'',6' 11.00'',9' 0.50'',222.6,7' 0.25''
2022-23,Johnny Juzang,SG,7.50%,8.5,9.5,6' 5.25'',6' 6.50'',8' 6.50'',208.6,6' 11.00''
2022-23,Ismael Kamagate,PF,-%,-,-,,,,-,
2022-23,Trevor Keels,SG,13.50%,8.25,9,6' 3.25'',6' 4.75'',8' 5.00'',223.8,6' 7.25''
2022-23,Walker Kessler,C,14.70%,8.5,8.5,7' 0.25'',7' 1.00'',9' 5.00'',256,7' 4.25''
2022-23,Christian Koloko,C,5.70%,9,10.75,6' 10.75'',7' 0.00'',9' 5.00'',221,7' 5.25''
2022-23,Jake LaRavia,PF,9.00%,8.5,10.25,6' 6.75'',6' 8.00'',8' 8.00'',227.2,6' 9.50''
2022-23,Justin Lewis,PF,7.30%,9,10.5,6' 6.25'',6' 7.50'',8' 9.50'',235.4,7' 2.50''
2022-23,E.J. Liddell,PF,12.20%,8.25,9.25,6' 5.50'',6' 7.00'',8' 7.50'',243,6' 11.75''
2022-23,Kenneth Lofton Jr.,PF-C,-%,-,-,,,,-,
2022-23,Tyrese Martin,SG-SF,-%,-,-,,,,-,
2022-23,Bennedict Mathurin,SG,5.70%,8.5,9.75,6' 4.50'',6' 6.00'',8' 8.00'',204.6,6' 9.00''
2022-23,Matthew Mayer,SF,11.10%,9,10.25,6' 8.00'',6' 9.25'',8' 9.00'',216.4,6' 10.50''
2022-23,Bryce McGowens,SG,5.40%,8.75,9.5,6' 5.25'',6' 6.50'',8' 7.50'',181.2,6' 8.75''
2022-23,Leonard Miller,SF,5.70%,9.25,10.5,6' 8.50'',6' 10.00'',8' 10.50'',211,7' 2.00''
2022-23,Josh Minnott,PF,-%,-,-,,,,-,
2022-23,Aminu Mohammed,SG-SF,5.10%,8.75,9.5,6' 3.50'',6' 5.00'',8' 8.00'',212.8,6' 11.00''
2022-23,Iverson Molinar,PG,4.80%,8.5,9.5,6' 2.25'',6' 3.25'',8' 5.00'',183.2,6' 8.00''
2022-23,Jean Montero,PG,7.40%,8,8.75,6' 1.00'',6' 2.25'',8' 2.50'',171.8,6' 5.25''
2022-23,Wendell Moore,SG,7.50%,8.75,10.25,6' 4.25'',6' 5.50'',8' 5.00'',217.2,7' 0.50''
2022-23,Keegan Murray,PF,-%,-,-,,,,-,
2022-23,Andrew Nembhard,PG,4.40%,8,9.5,6' 3.00'',6' 4.50'',8' 3.00'',195.6,6' 5.75''
2022-23,Scotty Pippen Jr.,PG,5.30%,7.75,9,6' 0.00'',6' 1.50'',7' 11.50'',180,6' 5.75''
2022-23,Gabriele Procida,SG-SF,3.80%,8,9.25,6' 5.75'',6' 7.75'',8' 10.00'',192.8,6' 8.00''
2022-23,Jared Rhoden,SG-SF,-%,-,-,,,,-,
2022-23,Orlando Robinson,C,9.50%,8.75,10,6' 9.75'',6' 11.00'',9' 3.00'',244.4,7' 4.00''
2022-23,David Roddy,PF,11.60%,8.75,10,6' 4.50'',6' 6.00'',8' 9.00'',260.8,6' 11.50''
2022-23,Ryan Rollins,SG,5.00%,8,8.5,6' 2.00'',6' 3.25'',8' 4.50'',179.2,6' 9.75''
2022-23,Marcus Sasser,PG,-%,-,-,,,,-,
2022-23,Dereon Seabron,SG,4.00%,8.5,9.5,6' 4.75'',6' 5.75'',8' 7.50'',182.4,6' 8.75''
2022-23,Shaedon Sharpe,SG,4.80%,9,9.25,6' 4.25'',6' 5.25'',8' 7.50'',198,6' 11.50''
2022-23,Jabari Smith,PF,-%,-,-,,,,-,
2022-23,Terquavion Smith,SG,3.80%,8.5,8,6' 2.25'',6' 3.75'',8' 2.00'',165.2,6' 6.50''
2022-23,Jeremy Sochan,PF,-%,-,-,,,,-,
2022-23,Matteo Spagnolo,PG,8.60%,8.25,10,6' 4.00'',6' 5.50'',8' 6.00'',196.2,6' 8.00''
2022-23,Julian Strawther,SF,7.90%,8.25,8.5,6' 5.75'',6' 7.00'',8' 8.50'',207.6,6' 9.50''
2022-23,Dalen Terry,SG,5.40%,8.5,9,6' 6.00'',6' 7.25'',8' 10.00'',195.2,7' 0.75''
2022-23,Drew Timme,C,15.70%,9,10,6' 8.25'',6' 9.25'',8' 11.50'',231.6,7' 2.00''
2022-23,Jabari Walker,PF,12.10%,8.75,9.75,6' 6.75'',6' 8.00'',8' 9.00'',213.8,6' 10.75''
2022-23,TyTy Washington Jr.,SG,12.00%,8.5,9.25,6' 2.25'',6' 3.75'',8' 3.50'',196.4,6' 8.00''
2022-23,Peyton Watson,SF,5.20%,8.5,9.5,6' 6.75'',6' 8.00'',8' 11.50'',203.4,7' 0.50''
2022-23,Blake Wesley,SG,5.60%,8.25,9,6' 3.00'',6' 4.25'',8' 7.00'',187.2,6' 9.25''
2022-23,Trevion Williams,C,10.80%,9,10.25,6' 7.25'',6' 8.75'',9' 0.50'',264.6,7' 2.75''
2022-23,Mark Williams,C,5.40%,9,9.75,7' 0.00'',7' 2.00'',9' 9.00'',242.4,7' 6.50''
2022-23,Jalen Williams,SG,8.90%,8.5,9.5,6' 4.50'',6' 5.75'',8' 9.50'',209.2,7' 2.25''
2022-23,Jaylin Williams,C,8.00%,8.5,10.5,6' 8.75'',6' 10.00'',9' 0.50'',236.6,7' 1.00''
2022-23,Alondes Williams,SG,7.20%,8.5,9.25,6' 3.75'',6' 5.00'',8' 6.00'',209,6' 7.00''
2022-23,Bryson Williams,PF-C,-%,-,-,,,,-,
2022-23,Jalen Wilson,SF-PF,-%,-,-,,,,-,
2022-23,Fanbo Zeng,SF-PF,-%,-,-,,,,-,
2021-22,Max Abmas,PG,5.50%,8,7.75,5'10.5'',5'11.75'',7'10.0'',161.8,6'1.75''
2021-22,Ochai Agbaji,SG,4.15%,9,8.75,6'4.5'',6'5.5'',8'7.5'',214.4,6'10.0''
2021-22,Marcus Bagley,SF,7.50%,8.75,8.5,6'6.0'',6'7.75'',8'6.5'',216.8,6'11.0''
2021-22,Scottie Barnes,SF,5.30%,9.25,10.25,6'7.0'',6'8.0'',9'0.0'',225.4,7'2.75''
2021-22,Charles Bassey,C,5.90%,9,9.5,6'9.25'',6'10.25'',8'11.5'',230.2,7'3.0''
2021-22,Brandon Boston Jr.,SF,6.00%,9,9.75,6'5.75'',6'7.0'',8'8.0'',188,6'10.75''
2021-22,James Bouknight,SG,5.50%,8.75,9,6'3.5'',6'4.75'',8'5.5'',190,6'8.25''
2021-22,Greg Brown III,PF,5.50%,9,9.75,6'7.25'',6'8.5'',8'11.0'',206.4,7'0.25''
2021-22,Jared Butler,PG,5.10%,8.5,8.25,6'2.25'',6'3.75'',8'2.5'',193,6'4.0''
2021-22,Justin Champagnie,PF,6.30%,8.75,8.5,6'5.75'',6'6.75'',8'8.0'',206.4,6'9.5''
2021-22,Julian Champagnie,SF,8.00%,9,8.5,6'6.5'',6'7.5'',8'10.5'',217.4,6'10.0''
2021-22,Josh Christopher,SG,5.80%,8.75,8.5,6'3.25'',6'4.5'',8'5.0'',214.8,6'9.25''
2021-22,Sharife Cooper,PG,-%,-,-,,,,-,
2021-22,Cade Cunningham,PG,-%,-,-,,,,-,
2021-22,Ayo Dosunmu,SG,4.90%,8.5,8.75,6'3.5'',6'5.0'',8'6.0'',194.4,6'10.25''
2021-22,David Duke Jr.,SG,5.90%,8.5,9,6'4.25'',6'5.5'',8'6.5'',203.6,6'8.75''
2021-22,Kessler Edwards,PF,4.30%,8.5,8.25,6'7.0'',6'8.0'',8'10.0'',203,6'11.25''
2021-22,Luka Garza,C,11.70%,9,9.25,6'10.0'',6'11.25'',8'11.5'',242.8,7'1.5''
2021-22,RaiQuan Gray,PF,17.30%,9.25,9,6'6.5'',6'7.75'',8'9.0'',268.6,6'10.75''
2021-22,Jalen Green,SG,-%,-,-,,,,-,
2021-22,Quentin Grimes,SG,6.60%,8.5,10,6'4.0'',6'5.25'',8'5.0'',205,6'8.0''
2021-22,Sam Hauser,SF,7.90%,8.25,9,6'6.75'',6'8.0'',8'6.0'',217.4,6'9.25''
2021-22,Aaron Henry,SF,5.60%,8.5,9.25,6'4.5'',6'6.0'',8'7.5'',209.6,6'10.75''
2021-22,Ariel Hukporti,C,8.10%,9.5,9.5,6'10.75'',7'0.0'',9'3.5'',246,7'2.5''
2021-22,Matt Hurt,PF,15.20%,9,9,6'8.5'',6'9.5'',8'10.5'',232.4,6'9.5''
2021-22,Nah'Shon Hyland,SG,5.80%,8.75,9,6'2.0'',6'3.5'',8'5.5'',169,6'9.25''
2021-22,Isaiah Jackson,C,-%,-,-,,,,-,
2021-22,David Johnson,SG,7.50%,8.25,8.5,6'3.25'',6'4.75'',8'8.0'',202.8,6'10.5''
2021-22,Jalen Johnson,PF,4.50%,9.75,10.5,6'7.75'',6'9.25'',8'10.0'',209.6,7'0.25''
2021-22,Keon Johnson,SG,4.40%,8.5,9,6'3.5'',6'4.75'',8'1.0'',184.8,6'7.25''
2021-22,Herbert Jones,SF,5.80%,8.5,9,6'6.0'',6'7.25'',8'10.0'',206.4,7'0.25''
2021-22,Kai Jones,PF,4.70%,9,9.5,6'10.0'',6'11.5'',9'2.5'',221.4,7'1.75''
2021-22,Carlik Jones,PG,4.50%,8.25,9,6'0.0'',6'1.0'',8'1.5'',173.6,6'5.0''
2021-22,Johnny Juzang,SG,8.00%,8.5,9.5,6'5.5'',6'7.0'',8'4.5'',209,6'10.5''
2021-22,Corey Kispert,SF,6.80%,8.75,10,6'6.0'',6'7.25'',8'6.0'',223.8,6'7.0''
2021-22,Jonathan Kuminga,SF,-%,-,-,,,,-,
2021-22,AJ Lawson,SG-SF,4.40%,8.5,9.25,6'5.5'',6'6.75'',8'3.5'',179.2,6'6.75''
2021-22,Scottie Lewis,SF,4.70%,8.75,9.75,6'4.0'',6'5.25'',8'5.5'',187.6,7'0.0''
2021-22,Isaiah Livers,SF,9.40%,9,9.5,6'5.75'',6'7.25'',8'8.5'',231.8,6'9.25''
2021-22,Makur Maker,C,14.50%,8.75,9.5,6'10.25'',6'11.25'',9'4.0'',232.2,7'1.75''
2021-22,Sandro Mamukelashvili,C,7.80%,9,9.5,6'9.0'',6'10.0'',8'10.5'',239.8,7'1.25''
2021-22,Tre Mann,PG,4.10%,8,9,6'3.25'',6'4.25'',8'2.5'',177.6,6'4.0''
2021-22,Matthew Mayer,PF,-%,-,-,,,,-,
2021-22,Miles McBride,PG,6.00%,9,9.5,6'1.0'',6'2.5'',8'3.5'',195.2,6'8.75''
2021-22,Davion Mitchell,PG,6.20%,8.25,8.75,6'0.0'',6'1.25'',8'0.5'',202.4,6'4.25''
2021-22,Evan Mobley,PF,-%,-,-,,,,-,
2021-22,Isaiah Mobley,PF,12.90%,9,10,6'8.0'',6'9.75'',8'11.5'',238,7'3.0''
2021-22,Moses Moody,SG,6.80%,9,10,6'4.5'',6'6.0'',8'9.0'',210.6,7'0.75''
2021-22,Trey Murphy III,SF,8.10%,8.5,9,6'7.5'',6'9.25'',8'9.5'',206,7'0.0''
2021-22,Daishen Nix,PG,11.80%,8.5,9,6'3.0'',6'4.25'',8'4.0'',225.6,6'6.75''
2021-22,John Petty Jr.,SG,5.60%,8.5,9,6'4.5'',6'5.75'',8'7.5'',186.2,6'9.5''
2021-22,Yves Pons,PF,4.00%,9,9.25,6'5.5'',6'6.75'',8'8.0'',206.4,7'0.75''
2021-22,Jason Preston,PG,5.45%,8.5,9.25,6'3.0'',6'4.0'',8'4.5'',180.6,6'8.5''
2021-22,Joshua Primo,SG,6.30%,9,10,6'4.0'',6'5.0'',8'6.5'',189,6'9.25''
2021-22,Roko Prkacin,PF,7.00%,8.75,9.25,6'7.5'',6'9.25'',8'11.0'',225.4,6'11.0''
2021-22,Neemias Queta,C,7.60%,9.25,10.5,6'11.25'',7'0.5'',9'4.5'',248.4,7'4.0''
2021-22,Austin Reaves,SG,11.00%,8,8.25,6'4.5'',6'5.75'',8'5.0'',197.2,6'6.25''
2021-22,Jeremiah Robinson-Earl,PF,8.90%,9,9.75,6'7.75'',6'9.0'',8'9.5'',242.4,6'9.75''
2021-22,Terrence Shannon Jr.,SF,6.70%,8,8,6'5.5'',6'6.5'',8'4.0'',206.6,6'8.25''
2021-22,Day'Ron Sharpe,C,-%,-,-,,,,-,
2021-22,Jericho Sims,C,5.50%,9,9.75,6'9.0'',6'10.0'',8'10.0'',250.2,7'3.25''
2021-22,Jaden Springer,SG,6.30%,8.5,9.75,6'3.0'',6'4.25'',8'3.0'',202,6'7.75''
2021-22,DJ Steward,PG,5.00%,8.5,9,6'0.75'',6'1.75'',8'2.5'',162.2,6'7.0''
2021-22,Cam Thomas,SG,-%,-,-,,,,-,
2021-22,JT Thor,PF,6.10%,9.25,9.5,6'8.5'',6'9.25'',9'2.0'',203,7'3.25''
2021-22,Isaiah Todd,PF,6.20%,9,9.75,6'8.75'',6'10.0'',8'11.5'',219,7'1.25''
2021-22,Duane Washington Jr.,SG,5.10%,8.25,8.75,6'2.25'',6'3.75'',8'5.0'',196.8,6'7.75''
2021-22,Trendon Watford,PF,10.10%,9.5,9.5,6'7.5'',6'8.75'',8'9.0'',237.4,7'2.25''
2021-22,Joe Wieskamp,SF,4.10%,8.5,9.25,6'5.75'',6'7.25'',8'7.0'',204.8,6'11.0''
2021-22,Aaron Wiggins,SG-SF,5.00%,8.75,8.5,6'4.5'',6'5.0'',8'7.0'',190,6'9.75''
2021-22,Ziaire Williams,SF,4.40%,9,8.75,6'8.25'',6'9.75'',8'10.5'',188.4,6'10.25''
2021-22,Moses Wright,PF,5.60%,9,9.5,6'7.75'',6'9.0'',8'11.0'',225.8,7'0.75''
2021-22,McKinley Wright IV,PG,6.70%,8.5,9,5'11.25'',6'0.25'',7'10.0'',192.2,6'5.25''
2021-22,Marcus Zegarowski,PG,7.20%,8,9.5,6'0.75'',6'2.0'',8'0.0'',180.8,6'2.75''
2020-21,Precious Achiuwa,PF,6.70%,9,10,6'7.50'',6'8.75'',9'0.50'',234,7'0.75''
2020-21,Ty-Shon Alexander,SG,12.30%,8.75,8.75,6'2.00'',6'4.00'',8'4.00'',200.8,6'8.00''
2020-21,Udoka Azubuike,C,9.61%,9.25,10,6'10.00'',6'11.50'',9'1.00'',259.5,7'7.25''
2020-21,Tyler Bey,PF,5.00%,8.5,9,6'6.00'',6'7.00'',8'9.50'',212.8,7'1.25''
2020-21,Yoeli Childs,PF,8.20%,8.75,10,6'6.00'',6'7.00'',8'10.00'',226.4,6'11.50''
2020-21,Mamadi Diakite,PF,7.83%,9,10.25,6'8.50'',6'10.25'',8'11.00'',222.1,7'3.75''
2020-21,Devon Dotson,PG,4.60%,8.25,10,6'0.50'',6'1.75'',7'11.00'',185.2,6'3.00''
2020-21,Paul Eboua,SF-PF,3.80%,9,10.25,6'6.00'',6'7.50'',9'0.00'',222.2,7'3.50''
2020-21,CJ Elleby,SG-SF,4.20%,8.75,10,6'5.50'',6'6.25'',8'4.50'',198.6,6'7.25''
2020-21,Trent Forrest,PG,5.65%,9,9.75,6'3.50'',6'4.75'',8'6.50'',203,6'7.50''
2020-21,Josh Green,SG-SF,6.80%,8,8.75,6'4.50'',6'5.50'',8'5.50'',214,6'9.75''
2020-21,Ashton Hagans,PG,4.10%,9,9,6'1.50'',6'2.50'',8'3.50'',193,6'8.00''
2020-21,Joshua Hall,SF,7.60%,8.75,9.5,6'6.00'',6'7.50'',8'8.50'',196.6,6'11.00''
2020-21,Jalen Harris,SG,4.40%,8.25,9.5,6'2.75'',6'4.25'',8'1.50'',193.4,6'7.00''
2020-21,Markus Howard,PG,9.91%,8.5,7.75,5'9.50'',5'11.00'',7'7.50'',170.8,6'0.25''
2020-21,Elijah Hughes,SF-SG,10.20%,8.5,8.75,6'4.75'',6'6.50'',8'5.50'',229,6'7.50''
2020-21,Isaiah Joe,SG,4.70%,8.25,8.25,6'3.00'',6'4.50'',8'5.00'',170.4,6'7.50''
2020-21,Mason Jones,SG,8.90%,8.75,8.5,6'3.75'',6'5.75'',8'6.50'',207.2,6'7.00''
2020-21,Nathan Knight,PF-C,8.20%,9,9.5,6'8.00'',6'9.75'',9'1.50'',235,7'2.00''
2020-21,Theo Maledon,PG,2.80%,8.5,10,6'4.00'',6'5.00'',8'4.50'',187.4,6'8.75''
2020-21,Karim Mane,PG-SG,3.73%,8.5,9.75,6'5.00'',6'6.00'',8'6.00'',196,6'11.00''
2020-21,Naji Marshall,SF,8.70%,9.25,10.5,6'5.75'',6'7.00'',8'6.50'',233.5,7'0.75''
2020-21,Kenyon Martin Jr.,SF-PF,5.90%,8.5,8.75,6'6.00'',6'7.00'',8'6.00'',213.2,6'7.25''
2020-21,Skylar Mays,SG,7.40%,8,9.75,6'3.00'',6'4.00'',8'3.00'',204,6'6.00''
2020-21,Zeke Nnaji,PF-C,5.90%,9,10.5,6'9.25'',6'10.50'',8'9.50'',246.8,7'2.00''
2020-21,Jordan Nwora,SF-PF,11.68%,8.5,9.25,6'5.75'',6'7.00'',8'8.00'',223,6'10.25''
2020-21,Reggie Perry,PF-C,8.40%,9.25,11,6'8.25'',6'9.25'',8'10.50'',249.6,7'0.25''
2020-21,Myles Powell,PG-SG,15.80%,8,9,6'0.50'',6'1.50'',8'3.00'',194,6'7.00''
2020-21,Immanuel Quickley,SG,8.20%,8,8.75,6'2.00'',6'3.00'',8'3.00'',185.8,6'8.25''
2020-21,Jahmi'us Ramsey,SG,3.40%,8.75,9.75,6'2.50'',6'3.75'',8'4.50'',193.4,6'6.00''
2020-21,Paul Reed Jr.,PF,6.83%,9,8.75,6'8.50'',6'9.25'',9'1.50'',219.2,7'2.00''
2020-21,Nick Richards,C,8.50%,9,9,6'10.50'',6'11.50'',9'2.00'',241.6,7'2.25''
2020-21,Grant Riller,PG-SG,5.40%,8,8.5,6'0.25'',6'1.00'',8'0.50'',178.4,6'5.25''
2020-21,Jayden Scrubb,SG-SF,3.70%,8.25,9.75,6'5.00'',6'6.25'',8'8.50'',185.2,6'9.50''
2020-21,Jalen Smith,PF-C,3.70%,9.25,9.25,6'9.25'',6'10.25'',9'2.00'',224.6,7'2.25''
2020-21,Cassius Stanley,SG,5.80%,8.25,9,6'5.00'',6'6.25'',8'3.50'',201.6,6'7.00''
2020-21,Lamar Stevens,SF-PF,6.80%,8.5,9.75,6'5.75'',6'6.75'',8'5.00'',228,6'9.00''
2020-21,Isaiah Stewart,C,7.50%,9,10.5,6'7.25'',6'8.50'',9'0.50'',243,7'4.75''
2020-21,Tyrell Terry,PG,7.60%,7.5,8.25,6'1.50'',6'3.00'',8'0.00'',170,6'1.75''
2020-21,Killian Tillie,PF,12.43%,8.25,9.25,6'8.75'',6'10.00'',8'10.00'',221.6,6'8.00''
2020-21,Xavier Tillman Sr.,PF-C,8.50%,10.25,11,6'7.50'',6'8.50'',8'10.00'',266.5,7'2.00''
2020-21,Kaleb Wesson,C,12.50%,9,10.75,6'9.25'',6'10.25'',9'3.50'',252.6,7'3.50''
2020-21,Kahlil Whitney,SF,5.30%,9.25,10.25,6'5.50'',6'7.00'',8'9.50'',205,7'0.25''
2020-21,Cassius Winston,PG,9.00%,8.75,8.25,6'0.50'',6'1.50'',8'1.00'',196,6'6.00''
2020-21,Robert Woodard II,SF,4.50%,9,10.75,6'5.50'',6'7.00'',8'9.50'',230.2,7'2.00''
2019-20,Nickeil Alexander-Walker,SG,5.90%,8.5,8.75,6' 4.25'',6' 5.5'',8' 6'',203.8,6' 9.5''
2019-20,RJ Barrett,SF,-%,-,-,,,,-,
2019-20,Charles Bassey,C,8.50%,9.25,9.5,6' 8.75'',6' 10'',9' 1.5'',239,7' 3.5''
2019-20,Darius Bazley,PF,3.60%,9,9.75,6' 7.75'',6' 9'',8' 11'',208.4,7' 0''
2019-20,Bol Bol,C,7.10%,9.25,9.5,7' 0.75'',7' 2.5'',9' 7.5'',208,7' 7''
2019-20,Jordan Bone,SG,5.00%,7.5,9.25,6' 1.5'',6' 2.75'',7' 11'',179,6' 3.25''
2019-20,Brian Bowen II,SF,6.50%,8.5,9.75,6' 6.25'',6' 7.5'',8' 7'',200,6' 10''
2019-20,Ky Bowman,PG,4.90%,8.25,9,6' 1'',6' 2.25'',8' 2'',181.2,6' 7''
2019-20,Ignas Brazdeikis,SF,6.00%,8.75,9.5,6' 5.75'',6' 7.25'',8' 6'',220.8,6' 9.25''
2019-20,O'Shae Brissett,SF-PF,2.90%,9,9.5,6' 7'',6' 8'',8' 8'',203.2,7' 0''
2019-20,Moses Brown,C,7.80%,9.5,10.25,7' 1.25'',7' 2.5'',9' 5'',237.2,7' 4.75''
2019-20,Brandon Clarke,SF,4.90%,8.25,9.5,6' 7.25'',6' 8.25'',8' 6'',207.2,6' 8.25''
2019-20,Nicolas Claxton,C,4.50%,9.25,9.5,6' 10'',6' 11.75'',9' 2'',216.6,7' 2.5''
2019-20,Tyler Cook,PF,6.10%,9.5,10.75,6' 7.25'',6' 8.75'',8' 10.5'',245.4,7' 0.5''
2019-20,Jarrett Culver,SG,5.00%,8.25,8.5,6' 5.25'',6' 6.75'',8' 4.5'',194.2,6' 9.5''
2019-20,Terence Davis,SG,4.10%,9.25,10.75,6' 3'',6' 4.5'',8' 5'',192.4,6' 8.75''
2019-20,Luguentz Dort,PG,5.00%,8.5,9,6' 2.75'',6' 4.25'',8' 3.5'',222.2,6' 8.5''
2019-20,Devon Dotson,PG,5.90%,8.25,9.5,6' 0'',6' 2'',7' 11.5'',178.6,6' 3.25''
2019-20,Carsen Edwards,PG,5.50%,8.75,9,5' 10.75'',6' 0.25'',7' 10.5'',199.4,6' 6''
2019-20,Tacko Fall,C,6.80%,10.5,10.5,7' 5.25'',7' 7'',10' 2.5'',288.8,8' 2.25''
2019-20,Bruno Fernando,C,5.40%,9.25,10,6' 8.75'',6' 10.25'',9' 2'',237,7' 3.25''
2019-20,Daniel Gafford,PF,5.90%,9.25,9.25,6' 9.25'',6' 10.5'',9' 2'',237.6,7' 2.25''
2019-20,Darius Garland,PG,-%,-,-,,,,-,
2019-20,Quentin Grimes,SG,8.40%,8.25,10,6' 4'',6' 5.25'',8' 4.5'',209.6,6' 7.75''
2019-20,Kyle Guy,SG,5.70%,8,8.75,6' 0.75'',6' 2.25'',7' 11.5'',167.8,6' 4.5''
2019-20,Jaylen Hands,PG,5.10%,8,8.25,6' 1.5'',6' 3'',8' 1'',180.4,6' 5.5''
2019-20,Jared Harper,PG,3.90%,8.25,9.5,5' 9.75'',5' 11'',7' 10'',169.2,6' 5.5''
2019-20,Jaxson Hayes,PF,5.00%,9.25,10.5,6' 10.25'',6' 11.5'',9' 2.5'',218.6,7' 3.5''
2019-20,Dewan Hernandez,C,6.10%,9.5,10.25,6' 9'',6' 10.25'',8' 11'',232.8,7' 1.75''
2019-20,Tyler Herro,SG,7.10%,8,8.75,6' 4.5'',6' 6'',8' 4.5'',192.4,6' 3.25''
2019-20,Jalen Hoard,PF,6.70%,8.75,9.75,6' 7.25'',6' 9'',8' 9.5'',212.6,7' 0.75''
2019-20,Talen Horton-Tucker,SG,8.40%,9.5,9.75,6' 2.5'',6' 4'',8' 7'',235.4,7' 1.25''
2019-20,De'Andre Hunter,,-%,-,-,,,,-,
2019-20,DaQuan Jeffries,SF-PF,3.90%,9.5,10.25,6' 4'',6' 5'',8' 8'',215.6,6' 11.25''
2019-20,Ty Jerome,PG,6.50%,8.25,9.5,6' 4.25'',6' 5.5'',8' 2'',194.4,6' 4''
2019-20,Keldon Johnson,SG,5.60%,8,9.25,6' 4.75'',6' 6'',8' 8'',216.4,6' 9.25''
2019-20,Cameron Johnson,SG,5.80%,8,8.5,6' 7'',6' 8.5'',8' 7'',205.2,6' 10''
2019-20,Mfiondu Kabengele,PF,5.10%,9.25,10.75,6' 8.75'',6' 10.25'',9' 1.5'',256.2,7' 3''
2019-20,Louis King,SF,4.80%,8,8.5,6' 6.75'',6' 8'',8' 8.5'',195.2,7' 0.25''
2019-20,Romeo Langford,SG,-%,9,9,6' 4.5'',6' 6'',8' 7'',-,6' 11''
2019-20,Dedric Lawson,PF,8.90%,9.75,9.75,6' 7'',6' 8.5'',8' 11.5'',233,7' 2.25''
2019-20,Jalen Lecque,PG,4.00%,8.75,8.5,6' 2.5'',6' 4.25'',8' 2.5'',185.2,6' 8.5''
2019-20,Nassir Little,SF,5.90%,8.75,10,6' 4.5'',6' 6'',8' 8.5'',224.2,7' 1.25''
2019-20,Terance Mann,SG-SF,4.00%,9.5,9.25,6' 4.75'',6' 6.5'',8' 5'',204.6,6' 7.75''
2019-20,Cody Martin,PG-SG,5.00%,8.25,9,6' 4.75'',6' 5.5'',8' 6.5'',192.2,6' 10.25''
2019-20,Charles Matthews,SG,3.80%,8.5,8.75,6' 5'',6' 6.25'',8' 7'',194.8,6' 9.5''
2019-20,Jalen McDaniels,SF,5.70%,9,10,6' 8.25'',6' 9.75'',8' 9.5'',191.6,7' 0.25''
2019-20,Ja Morant,PG,-%,-,-,,,,-,
2019-20,Zach Norvell Jr.,SG,7.50%,8.5,9.5,6' 4.5'',6' 5.5'',8' 5'',206.4,6' 6''
2019-20,Jaylen Nowell,SG,6.10%,8.25,8.5,6' 3.25'',6' 4.25'',8' 2'',202.4,6' 7.25''
2019-20,Jordan Nwora,PF,7.80%,8.5,9.25,6' 5.75'',6' 7.5'',8' 7'',220,6' 10.5''
2019-20,Chuma Okeke,,-%,-,-,,,,-,
2019-20,KZ Okpala,SF,4.60%,9.25,9.25,6' 7.25'',6' 9.5'',8' 10.5'',209.6,7' 1.75''
2019-20,Miye Oni,SG,4.90%,9,10,6' 4.25'',6' 5.75'',8' 4.5'',205.6,6' 10.75''
2019-20,Eric Paschall,SF,6.30%,9,9.5,6' 6'',6' 7.25'',8' 7.5'',254.4,6' 11.75''
2019-20,Reggie Perry,SF-PF,6.70%,9,10,6' 8'',6' 9.25'',8' 10'',250.8,7' 0.5''
2019-20,Shamorie Ponds,PG,9.80%,7.75,8,5' 11.5'',6' 0.5'',8' 0.5'',180,6' 3.5''
2019-20,Jordan Poole,SG,7.50%,8.25,8.5,6' 3.5'',6' 5.5'',8' 3.5'',190.8,6' 6.75''
2019-20,Jontay Porter,PF,8.50%,8.75,9.5,6' 9.75'',6' 11'',9' 1.5'',210.4,7' 0''
2019-20,Kevin Porter Jr.,SG,5.10%,8.75,8.75,6' 4'',6' 5.5'',8' 7'',212.6,6' 9''
2019-20,Neemias Queta,C,6.30%,9.5,11,6' 10.75'',7' 0.25'',9' 3.5'',225.8,7' 4.25''
2019-20,Cameron Reddish,SF,4.70%,9,9,6' 6.5'',6' 8'',8' 9.5'',207.8,7' 0.5''
2019-20,Naz Reid,PF,14.00%,9.5,9.25,6' 8.75'',6' 9.5'',9' 1'',255.8,7' 3.25''
2019-20,Isaiah Roby,PF,3.90%,9,10.5,6' 7.25'',6' 8.5'',8' 10'',214,7' 1''
2019-20,Luka Samanic,PF,5.60%,8.5,9,6' 9.5'',6' 11'',8' 11'',227.2,6' 10.5''
2019-20,Admiral Schofield,SF,6.80%,8.75,9,6' 4'',6' 5.25'',8' 6.5'',240.6,6' 9.75''
2019-20,Marial Shayok,SF-PF,4.70%,8.75,9.25,6' 4.5'',6' 5.5'',8' 7.5'',196.8,7' 0.25''
2019-20,Simisola Shittu,PF,6.20%,8.75,8.5,6' 8.5'',6' 9.5'',8' 10'',227.2,7' 1.25''
2019-20,Killian Tillie,,-%,-,-,,,,-,
2019-20,P.J. Washington,PF,8.60%,9,10.25,6' 6.5'',6' 8'',8' 10.5'',230.4,7' 2.25''
2019-20,Tremont Waters,PG,6.60%,8,9.75,5' 9.5'',5' 10.75'',7' 9.5'',172.4,6' 2.25''
2019-20,Quinndary Weatherspoon,SG,6.10%,8.5,9,6' 3'',6' 4.25'',8' 4'',206.6,6' 9''
2019-20,Coby White,PG,4.30%,7.75,9,6' 3.5'',6' 4.75'',8' 1.5'',191.4,6' 5''
2019-20,Kris Wilkes,SF,4.90%,8.5,9.5,6' 6.25'',6' 7.75'',8' 7'',208.8,6' 10.75''
2019-20,Grant Williams,PF,5.40%,9,10.5,6' 5.75'',6' 7.5'',8' 8.5'',240.2,6' 9.75''
2019-20,Zion Williamson,PF,-%,-,-,,,,-,
2019-20,Dylan Windler,SF,4.60%,8.25,9.5,6' 6.25'',6' 7.5'',8' 8.5'',195.8,6' 10''